[
  { "hax": { "asset": "axe/hand_axe" } },
  { "axe": { "asset": "axe/axe" } },
  { "2ax": { "asset": "axe/double_axe" } },
  { "mpi": { "asset": "axe/military_pick" } },
  { "wax": { "asset": "axe/war_axe" } },
  { "lax": { "asset": "axe/large_axe" } },
  { "bax": { "asset": "axe/broad_axe" } },
  { "btx": { "asset": "axe/battle_axe" } },
  { "gax": { "asset": "axe/great_axe" } },
  { "gix": { "asset": "axe/giant_axe" } },
  { "wnd": { "asset": "wand/wand" } },
  { "ywn": { "asset": "wand/yew_wand" } },
  { "bwn": { "asset": "wand/bone_wand" } },
  { "gwn": { "asset": "wand/grim_wand" } },
  { "clb": { "asset": "club/club" } },
  { "scp": { "asset": "scepter/scepter" } },
  { "gsc": { "asset": "scepter/grand_scepter" } },
  { "wsp": { "asset": "scepter/war_scepter" } },
  { "spc": { "asset": "club/spiked_club" } },
  { "mac": { "asset": "mace/mace" } },
  { "mst": { "asset": "mace/morning_star" } },
  { "fla": { "asset": "mace/flail" } },
  { "whm": { "asset": "hammer/war_hammer" } },
  { "mau": { "asset": "hammer/maul" } },
  { "gma": { "asset": "hammer/great_maul" } },
  { "ssd": { "asset": "sword/short_sword" } },
  { "scm": { "asset": "sword/scimitar" } },
  { "sbr": { "asset": "sword/saber" } },
  { "flc": { "asset": "sword/falchion" } },
  { "crs": { "asset": "sword/crystal_sword" } },
  { "bsd": { "asset": "sword/broad_sword" } },
  { "lsd": { "asset": "sword/long_sword" } },
  { "wsd": { "asset": "sword/war_sword" } },
  { "2hs": { "asset": "sword/two_handed_sword" } },
  { "clm": { "asset": "sword/claymore" } },
  { "gis": { "asset": "sword/giant_sword" } },
  { "bsw": { "asset": "sword/bastard_sword" } },
  { "flb": { "asset": "sword/flamberge" } },
  { "gsd": { "asset": "sword/great_sword" } },
  { "dgr": { "asset": "knife/dagger" } },
  { "dir": { "asset": "knife/dirk" } },
  { "kri": { "asset": "knife/kriss" } },
  { "bld": { "asset": "knife/blade" } },
  { "tkf": { "asset": "knife/throwing_knife" } },
  { "tax": { "asset": "axe/throwing_axe" } },
  { "bkf": { "asset": "knife/balanced_knife" } },
  { "bal": { "asset": "axe/balanced_axe" } },
  { "jav": { "asset": "javelin/javelin" } },
  { "pil": { "asset": "javelin/pilum" } },
  { "ssp": { "asset": "javelin/short_spear" } },
  { "glv": { "asset": "javelin/glaive" } },
  { "tsp": { "asset": "javelin/throwing_spear" } },
  { "spr": { "asset": "spear/spear" } },
  { "tri": { "asset": "spear/trident" } },
  { "brn": { "asset": "spear/brandistock" } },
  { "spt": { "asset": "spear/spetum" } },
  { "pik": { "asset": "spear/pike" } },
  { "bar": { "asset": "polearm/bardiche" } },
  { "vou": { "asset": "polearm/voulge" } },
  { "scy": { "asset": "polearm/scythe" } },
  { "pax": { "asset": "polearm/poleaxe" } },
  { "hal": { "asset": "polearm/halberd" } },
  { "wsc": { "asset": "polearm/war_scythe" } },
  { "sst": { "asset": "staff/short_staff" } },
  { "lst": { "asset": "staff/long_staff" } },
  { "cst": { "asset": "staff/gnarled_staff" } },
  { "bst": { "asset": "staff/battle_staff" } },
  { "wst": { "asset": "staff/war_staff" } },
  { "sbw": { "asset": "bow/short_bow" } },
  { "hbw": { "asset": "bow/hunters_bow" } },
  { "lbw": { "asset": "bow/long_bow" } },
  { "cbw": { "asset": "bow/composite_bow" } },
  { "sbb": { "asset": "bow/short_battle_bow" } },
  { "lbb": { "asset": "bow/long_battle_bow" } },
  { "swb": { "asset": "bow/short_war_bow" } },
  { "lwb": { "asset": "bow/long_war_bow" } },
  { "lxb": { "asset": "bow/light_crossbow" } },
  { "mxb": { "asset": "bow/crossbow" } },
  { "hxb": { "asset": "bow/heavy_crossbow" } },
  { "rxb": { "asset": "bow/repeating_crossbow" } },
  { "gps": { "asset": "potion/rancid_gas_potion" } },
  { "ops": { "asset": "potion/oil_potion" } },
  { "gpm": { "asset": "potion/choking_gas_potion" } },
  { "opm": { "asset": "potion/exploding_potion" } },
  { "gpl": { "asset": "potion/strangling_gas_potion" } },
  { "opl": { "asset": "potion/fulminating_potion" } },
  { "d33": { "asset": "knife/decoy_dagger" } },
  { "g33": { "asset": "knife/gidbinn" } },
  { "leg": { "asset": "club/wirts_leg" } },
  { "hdm": { "asset": "hammer/horadric_malus" } },
  { "hfh": { "asset": "hammer/hellforge_hammer" } },
  { "hst": { "asset": "staff/horadric_staff" } },
  { "msf": { "asset": "staff/staff_of_the_kings" } },
  { "9ha": { "asset": "axe/hand_axe" } },
  { "9ax": { "asset": "axe/axe" } },
  { "92a": { "asset": "axe/double_axe" } },
  { "9mp": { "asset": "axe/military_pick" } },
  { "9wa": { "asset": "axe/war_axe" } },
  { "9la": { "asset": "axe/large_axe" } },
  { "9ba": { "asset": "axe/broad_axe" } },
  { "9bt": { "asset": "axe/battle_axe" } },
  { "9ga": { "asset": "axe/great_axe" } },
  { "9gi": { "asset": "axe/giant_axe" } },
  { "9wn": { "asset": "wand/wand" } },
  { "9yw": { "asset": "wand/yew_wand" } },
  { "9bw": { "asset": "wand/bone_wand" } },
  { "9gw": { "asset": "wand/grim_wand" } },
  { "9cl": { "asset": "club/club" } },
  { "9sc": { "asset": "scepter/scepter" } },
  { "9qs": { "asset": "scepter/grand_scepter" } },
  { "9ws": { "asset": "scepter/war_scepter" } },
  { "9sp": { "asset": "club/spiked_club" } },
  { "9ma": { "asset": "mace/mace" } },
  { "9mt": { "asset": "mace/morning_star" } },
  { "9fl": { "asset": "mace/flail" } },
  { "9wh": { "asset": "hammer/war_hammer" } },
  { "9m9": { "asset": "hammer/maul" } },
  { "9gm": { "asset": "hammer/great_maul" } },
  { "9ss": { "asset": "sword/short_sword" } },
  { "9sm": { "asset": "sword/scimitar" } },
  { "9sb": { "asset": "sword/saber" } },
  { "9fc": { "asset": "sword/falchion" } },
  { "9cr": { "asset": "sword/crystal_sword" } },
  { "9bs": { "asset": "sword/broad_sword" } },
  { "9ls": { "asset": "sword/long_sword" } },
  { "9wd": { "asset": "sword/war_sword" } },
  { "92h": { "asset": "sword/two_handed_sword" } },
  { "9cm": { "asset": "sword/claymore" } },
  { "9gs": { "asset": "sword/giant_sword" } },
  { "9b9": { "asset": "sword/bastard_sword" } },
  { "9fb": { "asset": "sword/flamberge" } },
  { "9gd": { "asset": "sword/great_sword" } },
  { "9dg": { "asset": "knife/dagger" } },
  { "9di": { "asset": "knife/dirk" } },
  { "9kr": { "asset": "knife/kriss" } },
  { "9bl": { "asset": "knife/blade" } },
  { "9tk": { "asset": "knife/throwing_knife" } },
  { "9ta": { "asset": "axe/throwing_axe" } },
  { "9bk": { "asset": "knife/balanced_knife" } },
  { "9b8": { "asset": "axe/balanced_axe" } },
  { "9ja": { "asset": "javelin/javelin" } },
  { "9pi": { "asset": "javelin/pilum" } },
  { "9s9": { "asset": "javelin/short_spear" } },
  { "9gl": { "asset": "javelin/glaive" } },
  { "9ts": { "asset": "javelin/throwing_spear" } },
  { "9sr": { "asset": "spear/spear" } },
  { "9tr": { "asset": "spear/trident" } },
  { "9br": { "asset": "spear/brandistock" } },
  { "9st": { "asset": "spear/spetum" } },
  { "9p9": { "asset": "spear/pike" } },
  { "9b7": { "asset": "polearm/bardiche" } },
  { "9vo": { "asset": "polearm/voulge" } },
  { "9s8": { "asset": "polearm/scythe" } },
  { "9pa": { "asset": "polearm/poleaxe" } },
  { "9h9": { "asset": "polearm/halberd" } },
  { "9wc": { "asset": "polearm/war_scythe" } },
  { "8ss": { "asset": "staff/short_staff" } },
  { "8ls": { "asset": "staff/long_staff" } },
  { "8cs": { "asset": "staff/gnarled_staff" } },
  { "8bs": { "asset": "staff/battle_staff" } },
  { "8ws": { "asset": "staff/war_staff" } },
  { "8sb": { "asset": "bow/short_bow" } },
  { "8hb": { "asset": "bow/hunters_bow" } },
  { "8lb": { "asset": "bow/long_bow" } },
  { "8cb": { "asset": "bow/composite_bow" } },
  { "8s8": { "asset": "bow/short_battle_bow" } },
  { "8l8": { "asset": "bow/long_battle_bow" } },
  { "8sw": { "asset": "bow/short_war_bow" } },
  { "8lw": { "asset": "bow/long_war_bow" } },
  { "8lx": { "asset": "bow/light_crossbow" } },
  { "8mx": { "asset": "bow/crossbow" } },
  { "8hx": { "asset": "bow/heavy_crossbow" } },
  { "8rx": { "asset": "bow/repeating_crossbow" } },
  { "qf1": { "asset": "mace/khalim_flail" } },
  { "qf2": { "asset": "mace/super_khalim_flail" } },
  { "ktr": { "asset": "h2h/katar" } },
  { "wrb": { "asset": "h2h/katar" } },
  { "axf": { "asset": "h2h/hatchet_hands" } },
  { "ces": { "asset": "h2h/hatchet_hands" } },
  { "clw": { "asset": "h2h/claws" } },
  { "btl": { "asset": "h2h/claws" } },
  { "skr": { "asset": "h2h/scissors_katar" } },
  { "9ar": { "asset": "h2h/katar" } },
  { "9wb": { "asset": "h2h/katar" } },
  { "9xf": { "asset": "h2h/hatchet_hands" } },
  { "9cs": { "asset": "h2h/hatchet_hands" } },
  { "9lw": { "asset": "h2h/claws" } },
  { "9tw": { "asset": "h2h/claws" } },
  { "9qr": { "asset": "h2h/scissors_katar" } },
  { "7ar": { "asset": "h2h/katar" } },
  { "7wb": { "asset": "h2h/katar" } },
  { "7xf": { "asset": "h2h/hatchet_hands" } },
  { "7cs": { "asset": "h2h/hatchet_hands" } },
  { "7lw": { "asset": "h2h/claws" } },
  { "7tw": { "asset": "h2h/claws" } },
  { "7qr": { "asset": "h2h/scissors_katar" } },
  { "7ha": { "asset": "axe/hand_axe" } },
  { "7ax": { "asset": "axe/axe" } },
  { "72a": { "asset": "axe/double_axe" } },
  { "7mp": { "asset": "axe/military_pick" } },
  { "7wa": { "asset": "axe/war_axe" } },
  { "7la": { "asset": "axe/large_axe" } },
  { "7ba": { "asset": "axe/broad_axe" } },
  { "7bt": { "asset": "axe/battle_axe" } },
  { "7ga": { "asset": "axe/great_axe" } },
  { "7gi": { "asset": "axe/giant_axe" } },
  { "7wn": { "asset": "wand/wand" } },
  { "7yw": { "asset": "wand/yew_wand" } },
  { "7bw": { "asset": "wand/bone_wand" } },
  { "7gw": { "asset": "wand/grim_wand" } },
  { "7cl": { "asset": "club/club" } },
  { "7sc": { "asset": "scepter/scepter" } },
  { "7qs": { "asset": "scepter/grand_scepter" } },
  { "7ws": { "asset": "scepter/war_scepter" } },
  { "7sp": { "asset": "club/spiked_club" } },
  { "7ma": { "asset": "mace/mace" } },
  { "7mt": { "asset": "mace/morning_star" } },
  { "7fl": { "asset": "mace/flail" } },
  { "7wh": { "asset": "hammer/war_hammer" } },
  { "7m7": { "asset": "hammer/maul" } },
  { "7gm": { "asset": "hammer/great_maul" } },
  { "7ss": { "asset": "sword/short_sword" } },
  { "7sm": { "asset": "sword/scimitar" } },
  { "7sb": { "asset": "sword/saber" } },
  { "7fc": { "asset": "sword/falchion" } },
  { "7cr": { "asset": "sword/crystal_sword" } },
  { "7bs": { "asset": "sword/broad_sword" } },
  { "7ls": { "asset": "sword/long_sword" } },
  { "7wd": { "asset": "sword/war_sword" } },
  { "72h": { "asset": "sword/two_handed_sword" } },
  { "7cm": { "asset": "sword/claymore" } },
  { "7gs": { "asset": "sword/giant_sword" } },
  { "7b7": { "asset": "sword/bastard_sword" } },
  { "7fb": { "asset": "sword/flamberge" } },
  { "7gd": { "asset": "sword/great_sword" } },
  { "7dg": { "asset": "knife/dagger" } },
  { "7di": { "asset": "knife/dirk" } },
  { "7kr": { "asset": "knife/kriss" } },
  { "7bl": { "asset": "knife/blade" } },
  { "7tk": { "asset": "knife/throwing_knife" } },
  { "7ta": { "asset": "axe/throwing_axe" } },
  { "7bk": { "asset": "knife/balanced_knife" } },
  { "7b8": { "asset": "axe/balanced_axe" } },
  { "7ja": { "asset": "javelin/javelin" } },
  { "7pi": { "asset": "javelin/pilum" } },
  { "7s7": { "asset": "javelin/short_spear" } },
  { "7gl": { "asset": "javelin/glaive" } },
  { "7ts": { "asset": "javelin/throwing_spear" } },
  { "7sr": { "asset": "spear/spear" } },
  { "7tr": { "asset": "spear/trident" } },
  { "7br": { "asset": "spear/brandistock" } },
  { "7st": { "asset": "spear/spetum" } },
  { "7p7": { "asset": "spear/pike" } },
  { "7o7": { "asset": "polearm/bardiche" } },
  { "7vo": { "asset": "polearm/voulge" } },
  { "7s8": { "asset": "polearm/scythe" } },
  { "7pa": { "asset": "polearm/poleaxe" } },
  { "7h7": { "asset": "polearm/halberd" } },
  { "7wc": { "asset": "polearm/war_scythe" } },
  { "6ss": { "asset": "staff/short_staff" } },
  { "6ls": { "asset": "staff/long_staff" } },
  { "6cs": { "asset": "staff/gnarled_staff" } },
  { "6bs": { "asset": "staff/battle_staff" } },
  { "6ws": { "asset": "staff/war_staff" } },
  { "6sb": { "asset": "bow/short_bow" } },
  { "6hb": { "asset": "bow/hunters_bow" } },
  { "6lb": { "asset": "bow/long_bow" } },
  { "6cb": { "asset": "bow/composite_bow" } },
  { "6s7": { "asset": "bow/short_battle_bow" } },
  { "6l7": { "asset": "bow/long_battle_bow" } },
  { "6sw": { "asset": "bow/short_war_bow" } },
  { "6lw": { "asset": "bow/long_war_bow" } },
  { "6lx": { "asset": "bow/light_crossbow" } },
  { "6mx": { "asset": "bow/crossbow" } },
  { "6hx": { "asset": "bow/heavy_crossbow" } },
  { "6rx": { "asset": "bow/repeating_crossbow" } },
  { "ob1": { "asset": "orb/eagle_orb" } },
  { "ob2": { "asset": "orb/sacred_globe" } },
  { "ob3": { "asset": "orb/smoked_sphere" } },
  { "ob4": { "asset": "orb/clasped_orb" } },
  { "ob5": { "asset": "orb/dragon_stone" } },
  { "am1": { "asset": "bow/stag_bow" } },
  { "am2": { "asset": "bow/reflex_bow" } },
  { "am3": { "asset": "spear/maiden_spear" } },
  { "am4": { "asset": "spear/maiden_pike" } },
  { "am5": { "asset": "javelin/maiden_javelin" } },
  { "ob6": { "asset": "orb/eagle_orb" } },
  { "ob7": { "asset": "orb/sacred_globe" } },
  { "ob8": { "asset": "orb/smoked_sphere" } },
  { "ob9": { "asset": "orb/clasped_orb" } },
  { "oba": { "asset": "orb/dragon_stone" } },
  { "am6": { "asset": "bow/stag_bow" } },
  { "am7": { "asset": "bow/reflex_bow" } },
  { "am8": { "asset": "spear/maiden_spear" } },
  { "am9": { "asset": "spear/maiden_pike" } },
  { "ama": { "asset": "javelin/maiden_javelin" } },
  { "obb": { "asset": "orb/eagle_orb" } },
  { "obc": { "asset": "orb/sacred_globe" } },
  { "obd": { "asset": "orb/smoked_sphere" } },
  { "obe": { "asset": "orb/clasped_orb" } },
  { "obf": { "asset": "orb/dragon_stone" } },
  { "amb": { "asset": "bow/stag_bow" } },
  { "amc": { "asset": "bow/reflex_bow" } },
  { "amd": { "asset": "spear/maiden_spear" } },
  { "ame": { "asset": "spear/maiden_pike" } },
  { "amf": { "asset": "javelin/maiden_javelin" } },
  { "cap": { "asset": "helmet/cap_hat" } },
  { "skp": { "asset": "helmet/skull_cap" } },
  { "hlm": { "asset": "helmet/helm" } },
  { "fhl": { "asset": "helmet/full_helm" } },
  { "ghm": { "asset": "helmet/great_helm" } },
  { "crn": { "asset": "helmet/crown" } },
  { "msk": { "asset": "helmet/mask" } },
  { "qui": { "asset": "armor/quilted_armor" } },
  { "lea": { "asset": "armor/leather_armor" } },
  { "hla": { "asset": "armor/hard_leather_armor" } },
  { "stu": { "asset": "armor/studded_leather" } },
  { "rng": { "asset": "armor/ring_mail" } },
  { "scl": { "asset": "armor/scale_mail" } },
  { "chn": { "asset": "armor/chain_mail" } },
  { "brs": { "asset": "armor/breast_plate" } },
  { "spl": { "asset": "armor/splint_mail" } },
  { "plt": { "asset": "armor/plate_mail" } },
  { "fld": { "asset": "armor/field_plate" } },
  { "gth": { "asset": "armor/gothic_plate" } },
  { "ful": { "asset": "armor/full_plate_mail" } },
  { "aar": { "asset": "armor/ancient_armor" } },
  { "ltp": { "asset": "armor/light_plate" } },
  { "buc": { "asset": "shield/buckler" } },
  { "sml": { "asset": "shield/small_shield" } },
  { "lrg": { "asset": "shield/large_shield" } },
  { "kit": { "asset": "shield/kite_shield" } },
  { "tow": { "asset": "shield/tower_shield" } },
  { "gts": { "asset": "shield/gothic_shield" } },
  { "lgl": { "asset": "glove/gloves_l" } },
  { "vgl": { "asset": "glove/heavy_gloves" } },
  { "mgl": { "asset": "glove/bracers_m" } },
  { "tgl": { "asset": "glove/light_gauntlets" } },
  { "hgl": { "asset": "glove/gaunlets_h" } },
  { "lbt": { "asset": "boot/leather_boots" } },
  { "vbt": { "asset": "boot/heavy_boots" } },
  { "mbt": { "asset": "boot/chain_boots" } },
  { "tbt": { "asset": "boot/light_plate_boots" } },
  { "hbt": { "asset": "boot/plate_boots" } },
  { "lbl": { "asset": "belt/sash_l" } },
  { "vbl": { "asset": "belt/light_belt" } },
  { "mbl": { "asset": "belt/belt_m" } },
  { "tbl": { "asset": "belt/heavy_belt" } },
  { "hbl": { "asset": "belt/girdle_h" } },
  { "bhm": { "asset": "helmet/bone_helm" } },
  { "bsh": { "asset": "shield/bone_shield" } },
  { "spk": { "asset": "shield/spiked_shield" } },
  { "xap": { "asset": "helmet/cap_hat" } },
  { "xkp": { "asset": "helmet/skull_cap" } },
  { "xlm": { "asset": "helmet/helm" } },
  { "xhl": { "asset": "helmet/full_helm" } },
  { "xhm": { "asset": "helmet/great_helm" } },
  { "xrn": { "asset": "helmet/crown" } },
  { "xsk": { "asset": "helmet/mask" } },
  { "xui": { "asset": "armor/quilted_armor" } },
  { "xea": { "asset": "armor/leather_armor" } },
  { "xla": { "asset": "armor/hard_leather_armor" } },
  { "xtu": { "asset": "armor/studded_leather" } },
  { "xng": { "asset": "armor/ring_mail" } },
  { "xcl": { "asset": "armor/scale_mail" } },
  { "xhn": { "asset": "armor/chain_mail" } },
  { "xrs": { "asset": "armor/breast_plate" } },
  { "xpl": { "asset": "armor/splint_mail" } },
  { "xlt": { "asset": "armor/plate_mail" } },
  { "xld": { "asset": "armor/field_plate" } },
  { "xth": { "asset": "armor/gothic_plate" } },
  { "xul": { "asset": "armor/full_plate_mail" } },
  { "xar": { "asset": "armor/ancient_armor" } },
  { "xtp": { "asset": "armor/light_plate" } },
  { "xuc": { "asset": "shield/buckler" } },
  { "xml": { "asset": "shield/small_shield" } },
  { "xrg": { "asset": "shield/large_shield" } },
  { "xit": { "asset": "shield/kite_shield" } },
  { "xow": { "asset": "shield/tower_shield" } },
  { "xts": { "asset": "shield/gothic_shield" } },
  { "xlg": { "asset": "glove/gloves_l" } },
  { "xvg": { "asset": "glove/heavy_gloves" } },
  { "xmg": { "asset": "glove/bracers_m" } },
  { "xtg": { "asset": "glove/light_gauntlets" } },
  { "xhg": { "asset": "glove/gaunlets_h" } },
  { "xlb": { "asset": "boot/leather_boots" } },
  { "xvb": { "asset": "boot/heavy_boots" } },
  { "xmb": { "asset": "boot/chain_boots" } },
  { "xtb": { "asset": "boot/light_plate_boots" } },
  { "xhb": { "asset": "boot/plate_boots" } },
  { "zlb": { "asset": "belt/sash_l" } },
  { "zvb": { "asset": "belt/light_belt" } },
  { "zmb": { "asset": "belt/belt_m" } },
  { "ztb": { "asset": "belt/heavy_belt" } },
  { "zhb": { "asset": "belt/girdle_h" } },
  { "xh9": { "asset": "helmet/bone_helm" } },
  { "xsh": { "asset": "shield/bone_shield" } },
  { "xpk": { "asset": "shield/spiked_shield" } },
  { "dr1": { "asset": "pelt/wolf_head" } },
  { "dr2": { "asset": "pelt/hawk_helm" } },
  { "dr3": { "asset": "pelt/antlers" } },
  { "dr4": { "asset": "pelt/falcon_mask" } },
  { "dr5": { "asset": "pelt/spirit_mask" } },
  { "ba1": { "asset": "helmet/jawbone_cap" } },
  { "ba2": { "asset": "helmet/fanged_helm" } },
  { "ba3": { "asset": "helmet/horned_helm" } },
  { "ba4": { "asset": "helmet/assault_helmet" } },
  { "ba5": { "asset": "helmet/avenger_guard" } },
  { "pa1": { "asset": "shield/targe" } },
  { "pa2": { "asset": "shield/rondache" } },
  { "pa3": { "asset": "shield/heraldic_shield" } },
  { "pa4": { "asset": "shield/aerin_shield" } },
  { "pa5": { "asset": "shield/crown_shield" } },
  { "ne1": { "asset": "voodoo_head/preserved_head" } },
  { "ne2": { "asset": "voodoo_head/zombie_head" } },
  { "ne3": { "asset": "voodoo_head/unraveller_head" } },
  { "ne4": { "asset": "voodoo_head/gargoyle_head" } },
  { "ne5": { "asset": "voodoo_head/demon_head" } },
  { "ci0": { "asset": "circlet/circlet" } },
  { "ci1": { "asset": "circlet/coronet" } },
  { "ci2": { "asset": "circlet/tiara" } },
  { "ci3": { "asset": "circlet/diadem" } },
  { "uap": { "asset": "helmet/cap_hat" } },
  { "ukp": { "asset": "helmet/skull_cap" } },
  { "ulm": { "asset": "helmet/helm" } },
  { "uhl": { "asset": "helmet/full_helm" } },
  { "uhm": { "asset": "helmet/great_helm" } },
  { "urn": { "asset": "helmet/crown" } },
  { "usk": { "asset": "helmet/mask" } },
  { "uui": { "asset": "armor/quilted_armor" } },
  { "uea": { "asset": "armor/leather_armor" } },
  { "ula": { "asset": "armor/hard_leather_armor" } },
  { "utu": { "asset": "armor/studded_leather" } },
  { "ung": { "asset": "armor/ring_mail" } },
  { "ucl": { "asset": "armor/scale_mail" } },
  { "uhn": { "asset": "armor/chain_mail" } },
  { "urs": { "asset": "armor/breast_plate" } },
  { "upl": { "asset": "armor/splint_mail" } },
  { "ult": { "asset": "armor/plate_mail" } },
  { "uld": { "asset": "armor/field_plate" } },
  { "uth": { "asset": "armor/gothic_plate" } },
  { "uul": { "asset": "armor/full_plate_mail" } },
  { "uar": { "asset": "armor/ancient_armor" } },
  { "utp": { "asset": "armor/light_plate" } },
  { "uuc": { "asset": "shield/buckler" } },
  { "uml": { "asset": "shield/small_shield" } },
  { "urg": { "asset": "shield/large_shield" } },
  { "uit": { "asset": "shield/kite_shield" } },
  { "uow": { "asset": "shield/tower_shield" } },
  { "uts": { "asset": "shield/gothic_shield" } },
  { "ulg": { "asset": "glove/gloves_l" } },
  { "uvg": { "asset": "glove/heavy_gloves" } },
  { "umg": { "asset": "glove/bracers_m" } },
  { "utg": { "asset": "glove/light_gauntlets" } },
  { "uhg": { "asset": "glove/gaunlets_h" } },
  { "ulb": { "asset": "boot/leather_boots" } },
  { "uvb": { "asset": "boot/heavy_boots" } },
  { "umb": { "asset": "boot/chain_boots" } },
  { "utb": { "asset": "boot/light_plate_boots" } },
  { "uhb": { "asset": "boot/plate_boots" } },
  { "ulc": { "asset": "belt/sash_l" } },
  { "uvc": { "asset": "belt/light_belt" } },
  { "umc": { "asset": "belt/belt_m" } },
  { "utc": { "asset": "belt/heavy_belt" } },
  { "uhc": { "asset": "belt/girdle_h" } },
  { "uh9": { "asset": "helmet/bone_helm" } },
  { "ush": { "asset": "shield/bone_shield" } },
  { "upk": { "asset": "shield/spiked_shield" } },
  { "dr6": { "asset": "pelt/wolf_head" } },
  { "dr7": { "asset": "pelt/hawk_helm" } },
  { "dr8": { "asset": "pelt/antlers" } },
  { "dr9": { "asset": "pelt/falcon_mask" } },
  { "dra": { "asset": "pelt/spirit_mask" } },
  { "ba6": { "asset": "helmet/jawbone_cap" } },
  { "ba7": { "asset": "helmet/fanged_helm" } },
  { "ba8": { "asset": "helmet/horned_helm" } },
  { "ba9": { "asset": "helmet/assault_helmet" } },
  { "baa": { "asset": "helmet/avenger_guard" } },
  { "pa6": { "asset": "shield/targe" } },
  { "pa7": { "asset": "shield/rondache" } },
  { "pa8": { "asset": "shield/heraldic_shield" } },
  { "pa9": { "asset": "shield/aerin_shield" } },
  { "paa": { "asset": "shield/crown_shield" } },
  { "ne6": { "asset": "voodoo_head/preserved_head" } },
  { "ne7": { "asset": "voodoo_head/zombie_head" } },
  { "ne8": { "asset": "voodoo_head/unraveller_head" } },
  { "ne9": { "asset": "voodoo_head/gargoyle_head" } },
  { "nea": { "asset": "voodoo_head/demon_head" } },
  { "drb": { "asset": "pelt/wolf_head" } },
  { "drc": { "asset": "pelt/hawk_helm" } },
  { "drd": { "asset": "pelt/antlers" } },
  { "dre": { "asset": "pelt/falcon_mask" } },
  { "drf": { "asset": "pelt/spirit_mask" } },
  { "bab": { "asset": "helmet/jawbone_cap" } },
  { "bac": { "asset": "helmet/fanged_helm" } },
  { "bad": { "asset": "helmet/horned_helm" } },
  { "bae": { "asset": "helmet/assault_helmet" } },
  { "baf": { "asset": "helmet/avenger_guard" } },
  { "pab": { "asset": "shield/targe" } },
  { "pac": { "asset": "shield/rondache" } },
  { "pad": { "asset": "shield/heraldic_shield" } },
  { "pae": { "asset": "shield/aerin_shield" } },
  { "paf": { "asset": "shield/crown_shield" } },
  { "neb": { "asset": "voodoo_head/preserved_head" } },
  { "neg": { "asset": "voodoo_head/zombie_head" } },
  { "ned": { "asset": "voodoo_head/unraveller_head" } },
  { "nee": { "asset": "voodoo_head/gargoyle_head" } },
  { "nef": { "asset": "voodoo_head/demon_head" } },
  { "elx": { "asset": "potion/elixir" } },
  { "hpo": { "asset": "potion/healing_potion" } },
  { "mpo": { "asset": "potion/mana_potion" } },
  { "hpf": { "asset": "potion/full_healing_potion" } },
  { "mpf": { "asset": "potion/full_mana_potion" } },
  { "vps": { "asset": "potion/stamina_potion" } },
  { "yps": { "asset": "potion/antidote_potion" } },
  { "rvs": { "asset": "potion/rejuv_potion" } },
  { "rvl": { "asset": "potion/full_rejuv_potion" } },
  { "wms": { "asset": "potion/thawing_potion" } },
  { "tbk": { "asset": "book/town_portal_book" } },
  { "ibk": { "asset": "book/identify_book" } },
  { "amu": { "asset": "amulet/amulet" } },
  { "vip": { "asset": "amulet/viper_amulet" } },
  { "rin": { "asset": "ring/ring" } },
  { "gld": { "asset": "gold/gold" } },
  { "bks": { "asset": "quest/bark_scroll" } },
  { "bkd": { "asset": "scroll/deciphered_bark_scroll" } },
  { "aqv": { "asset": "quiver/arrows" } },
  { "tch": { "asset": "torch/torch" } },
  { "cqv": { "asset": "quiver/bolts" } },
  { "tsc": { "asset": "scroll/town_portal_scroll" } },
  { "isc": { "asset": "scroll/identify_scroll" } },
  { "hrt": { "asset": "body_part/heart" } },
  { "brz": { "asset": "body_part/brain" } },
  { "jaw": { "asset": "body_part/jawbone" } },
  { "eyz": { "asset": "body_part/eye" } },
  { "hrn": { "asset": "body_part/horn" } },
  { "tal": { "asset": "body_part/tail" } },
  { "flg": { "asset": "body_part/flag" } },
  { "fng": { "asset": "body_part/fang" } },
  { "qll": { "asset": "body_part/quill" } },
  { "sol": { "asset": "body_part/soul" } },
  { "scz": { "asset": "scepter/scepter" } },
  { "spe": { "asset": "body_part/soul" } },
  { "key": { "asset": "key/skeleton_key" } },
  { "luv": { "asset": "key/mephisto_key" } },
  { "xyz": { "asset": "quest/scroll_of_self_resurrect" } },
  { "j34": { "asset": "quest/jade_figurine" } },
  { "g34": { "asset": "quest/gold_bird" } },
  { "bbb": { "asset": "quest/lam_esens_tome" } },
  { "box": { "asset": "quest/horadric_cube" } },
  { "tr1": { "asset": "quest/scroll_of_horadric_quest_info" } },
  { "mss": { "asset": "quest/mephisto_soul_stone" } },
  { "ass": { "asset": "quest/book_of_skill" } },
  { "qey": { "asset": "body_part/eye" } },
  { "qhr": { "asset": "body_part/heart" } },
  { "qbr": { "asset": "body_part/brain" } },
  { "ear": { "asset": "body_part/player_ear" } },
  { "gcv": { "asset": "gem/chipped_amethyst" } },
  { "gfv": { "asset": "gem/flawed_amethyst" } },
  { "gsv": { "asset": "gem/amethyst" } },
  { "gzv": { "asset": "gem/flawless_amethyst" } },
  { "gpv": { "asset": "gem/perfect_amethyst" } },
  { "gcy": { "asset": "gem/chipped_topaz" } },
  { "gfy": { "asset": "gem/flawed_topaz" } },
  { "gsy": { "asset": "gem/topaz" } },
  { "gly": { "asset": "gem/flawless_topaz" } },
  { "gpy": { "asset": "gem/perfect_topaz" } },
  { "gcb": { "asset": "gem/chipped_saphire" } },
  { "gfb": { "asset": "gem/flawed_saphire" } },
  { "gsb": { "asset": "gem/saphire" } },
  { "glb": { "asset": "gem/flawless_saphire" } },
  { "gpb": { "asset": "gem/perfect_saphire" } },
  { "gcg": { "asset": "gem/chipped_emerald" } },
  { "gfg": { "asset": "gem/flawed_emerald" } },
  { "gsg": { "asset": "gem/emerald" } },
  { "glg": { "asset": "gem/flawless_emerald" } },
  { "gpg": { "asset": "gem/perfect_emerald" } },
  { "gcr": { "asset": "gem/chipped_ruby" } },
  { "gfr": { "asset": "gem/flawed_ruby" } },
  { "gsr": { "asset": "gem/ruby" } },
  { "glr": { "asset": "gem/flawless_ruby" } },
  { "gpr": { "asset": "gem/perfect_ruby" } },
  { "gcw": { "asset": "gem/chipped_diamond" } },
  { "gfw": { "asset": "gem/flawed_diamond" } },
  { "gsw": { "asset": "gem/diamond" } },
  { "glw": { "asset": "gem/flawless_diamond" } },
  { "gpw": { "asset": "gem/perfect_diamond" } },
  { "hp1": { "asset": "potion/lesser_healing_potion" } },
  { "hp2": { "asset": "potion/light_healing_potion" } },
  { "hp3": { "asset": "potion/healing_potion2" } },
  { "hp4": { "asset": "potion/strong_healing_potion" } },
  { "hp5": { "asset": "potion/greater_healing_potion" } },
  { "mp1": { "asset": "potion/lesser_mana_potion" } },
  { "mp2": { "asset": "potion/light_mana_potion" } },
  { "mp3": { "asset": "potion/mana_potion2" } },
  { "mp4": { "asset": "potion/strong_mana_potion" } },
  { "mp5": { "asset": "potion/greater_mana_potion" } },
  { "skc": { "asset": "gem/chipped_skull" } },
  { "skf": { "asset": "gem/flawed_skull" } },
  { "sku": { "asset": "gem/skull" } },
  { "skl": { "asset": "gem/flawless_skull" } },
  { "skz": { "asset": "gem/perfect_skull" } },
  { "hrb": { "asset": "herb/herb" } },
  { "cm1": { "asset": "charm/charm_small" } },
  { "cm2": { "asset": "charm/charm_medium" } },
  { "cm3": { "asset": "charm/charm_large" } },
  { "rps": { "asset": "potion/healing_potion" } },
  { "rpl": { "asset": "potion/full_healing_potion" } },
  { "bps": { "asset": "potion/mana_potion" } },
  { "bpl": { "asset": "potion/full_mana_potion" } },
  { "r01": { "asset": "rune/el_rune" } },
  { "r02": { "asset": "rune/eld_rune" } },
  { "r03": { "asset": "rune/tir_rune" } },
  { "r04": { "asset": "rune/nef_rune" } },
  { "r05": { "asset": "rune/eth_rune" } },
  { "r06": { "asset": "rune/ith_rune" } },
  { "r07": { "asset": "rune/tal_rune" } },
  { "r08": { "asset": "rune/ral_rune" } },
  { "r09": { "asset": "rune/ort_rune" } },
  { "r10": { "asset": "rune/thul_rune" } },
  { "r11": { "asset": "rune/amn_rune" } },
  { "r12": { "asset": "rune/sol_rune" } },
  { "r13": { "asset": "rune/shael_rune" } },
  { "r14": { "asset": "rune/dol_rune" } },
  { "r15": { "asset": "rune/hel_rune" } },
  { "r16": { "asset": "rune/io_rune" } },
  { "r17": { "asset": "rune/lum_rune" } },
  { "r18": { "asset": "rune/ko_rune" } },
  { "r19": { "asset": "rune/fal_rune" } },
  { "r20": { "asset": "rune/lem_rune" } },
  { "r21": { "asset": "rune/pul_rune" } },
  { "r22": { "asset": "rune/um_rune" } },
  { "r23": { "asset": "rune/mal_rune" } },
  { "r24": { "asset": "rune/ist_rune" } },
  { "r25": { "asset": "rune/gul_rune" } },
  { "r26": { "asset": "rune/vex_rune" } },
  { "r27": { "asset": "rune/ohm_rune" } },
  { "r28": { "asset": "rune/lo_rune" } },
  { "r29": { "asset": "rune/sur_rune" } },
  { "r30": { "asset": "rune/ber_rune" } },
  { "r31": { "asset": "rune/jah_rune" } },
  { "r32": { "asset": "rune/cham_rune" } },
  { "r33": { "asset": "rune/zod_rune" } },
  { "jew": { "asset": "gem/perfect_diamond" } },
  { "ice": { "asset": "quest/scroll_of_self_resurrect" } },
  { "0sc": { "asset": "scroll/identify_scroll" } },
  { "tr2": { "asset": "quest/bark_scroll" } },
  { "pk1": { "asset": "key/mephisto_key" } },
  { "pk2": { "asset": "key/mephisto_key2" } },
  { "pk3": { "asset": "key/mephisto_key3" } },
  { "dhn": { "asset": "body_part/fang" } },
  { "bey": { "asset": "body_part/eye" } },
  { "mbr": { "asset": "body_part/brain" } },
  { "toa": { "asset": "quest/token_of_absolution" } },
  { "tes": { "asset": "quest/twisted_essence_of_suffering" } },
  { "ceh": { "asset": "quest/charged_essense_of_hatred" } },
  { "bet": { "asset": "quest/burning_essence_of_terror" } },
  { "fed": { "asset": "quest/festering_essence_of_destruction" } },
  { "std": { "asset": "body_part/flag" } }
]