{
    "type": "MonsterHealthPanel", "name": "HUDMonsterHealth",
    "fields": {
        "priority": -100,
        "anchor": { "x": 0.5 },
        "rect": { "y": 63 },
    },
    "children": [
        {
            "type": "HealthBarWidget", "name": "Health",
            "fields": {
                "rect": { "y": -5, "width": 45, "height": 74},
                "normalColor": { "r": 0.31, "g": 0, "b": 0 },
                "transparency": 0.88,
                "backgroundTransparency": 0.88,
                "criticalHealthPercent": 0,
                "warningHealthPercent": 0,
                "drawWhenEmpty": true
            },
            "children": [
                {
                    "type": "TextBoxWidget", "name": "Name",
                    "fields": {
                        "anchor": { "x": 0.5, "y": 0.5 },
                        "style": {
                            "pointSize": "$LargeFontSize",
                            "alignment": { "h": "center", "v": "center" },
                            "options": { "pipeCharacterBehavior": "handle" }
                        }
                    }
                },
            ]
        },
        {
            "type": "TextBoxWidget", "name": "Unique",
            "fields": {
                "rect": { "y": 85 },
                "style": {
                    "fontFace": "Formal",
                    "pointSize": "$MediumFontSize",
                    "alignment": { "h": "center" },
                    "options": { "pipeCharacterBehavior": "handle" }
                }
            }
        },
        {
            "type": "TextBoxWidget", "name": "Additional",
            "fields": {
                "rect": { "y": 130 },
                "style": {
                    "fontFace": "Formal",
                    "pointSize": "$MediumFontSize",
                    "alignment": { "h": "center" },
                    "options": { "pipeCharacterBehavior": "handle" }
                }
            }
        }
    ]
}
